timestamp,Dishwasher,Critical Appliances,PV,Washing Machine,Grid Import,Dynamic Price
18-06-2017 00:00,0,0.196,0,0,0.196,34.46
18-06-2017 00:15,0,0.234,0,0.022,0.234,29.48
18-06-2017 00:30,0,0.305,0,0.123,0.305,25.02
18-06-2017 00:45,0,0.275,0,0.01,0.275,23.21
18-06-2017 01:00,0,0.281,0,0.01,0.281,26.06
18-06-2017 01:15,0,0.299,0,0.028,0.299,27.68
18-06-2017 01:30,0,0.305,0,0,0.305,26.23
18-06-2017 01:45,0,0.301,0,0,0.301,22.32
18-06-2017 02:00,0,0.264,0,0,0.264,24.41
18-06-2017 02:15,0,0.246,0,0,0.246,23.06
18-06-2017 02:30,0,0.25,0,0,0.25,22.5
18-06-2017 02:45,0,0.25,0,0,0.25,25.04
18-06-2017 03:00,0,0.259,0,0,0.259,21
18-06-2017 03:15,0,0.25,0,0,0.25,22.57
18-06-2017 03:30,0,0.241,0,0,0.241,24.73
18-06-2017 03:45,0,0.245,0,0,0.245,25.7
18-06-2017 04:00,0,0.245,0,0,0.245,16.11
18-06-2017 04:15,0,0.16,0,0,0.16,24.15
18-06-2017 04:30,0,0.049,0,0,0.049,25.38
18-06-2017 04:45,0,0.031,0,0,0.031,28.35
18-06-2017 05:00,0,0.039,0,0,0.039,17
18-06-2017 05:15,0,0.029,0,0,0.029,20.39
18-06-2017 05:30,0,0.032,0,0,0.032,25.27
18-06-2017 05:45,0,0.038,0.009,0,0.029,33.95
18-06-2017 06:00,0,0.061,0.02,0,0.041,15.84
18-06-2017 06:15,0,0.043,0.024,0,0.019,23.76
18-06-2017 06:30,0,0.041,0.046,0,0,35.15
18-06-2017 06:45,0,0.037,0.066,0,0,43.91
18-06-2017 07:00,0,0.04,0.08,0,0,31.49
18-06-2017 07:15,0,0.034,0.154,0,0,40.84
18-06-2017 07:30,0,0.035,0.274,0,0,43.56
18-06-2017 07:45,0,0.032,0.349,0,0,44.71
18-06-2017 08:00,0,0.058,0.422,0,0,50.66
18-06-2017 08:15,0,0.1,0.46,0,0.01,48.37
18-06-2017 08:30,0,0.215,0.505,0,0,38.33
18-06-2017 08:45,0,0.075,0.55,0,0,31.44
18-06-2017 09:00,0,0.05,0.6,0,0,48.41
18-06-2017 09:15,0,0.089,0.635,0,0,38.94
18-06-2017 09:30,0,0.116,0.68,0,0,36.81
18-06-2017 09:45,0,0.22,0.71,0,0,30.63
18-06-2017 10:00,0,0.08,0.74,0,0,45.13
18-06-2017 10:15,0,0.08,0.77,0,0,37.53
18-06-2017 10:30,0,0.084,0.8,0,0,36.87
18-06-2017 10:45,0,0.079,0.818,0,0,32.47
18-06-2017 11:00,0,0.106,0.796,0,0,40.01
18-06-2017 11:15,0,0.171,0.861,0,0,37.23
18-06-2017 11:30,0,0.15,0.88,0,0,38.33
18-06-2017 11:45,0,0.12,0.861,0,0,33.14
18-06-2017 12:00,0,0.1,0.879,0,0,41.94
18-06-2017 12:15,0,0.12,0.91,0,0,32.59
18-06-2017 12:30,0,0.12,0.91,0,0,35.03
18-06-2017 12:45,0,0.241,0.91,0,0,32.79
18-06-2017 13:00,0,0.243,0.92,0,0,41.07
18-06-2017 13:15,0,0.196,0.92,0,0,35.24
18-06-2017 13:30,0,0.245,0.915,0,0,32.12
18-06-2017 13:45,0,0.17,0.915,0,0,25.4
18-06-2017 14:00,0,0.145,0.89,0,0,31.79
18-06-2017 14:15,0,0.105,0.885,0,0,33.11
18-06-2017 14:30,0,0.115,0.885,0,0,29.48
18-06-2017 14:45,0,0.145,0.87,0,0,32.28
18-06-2017 15:00,0,0.115,0.85,0,0,30.64
18-06-2017 15:15,0,0.12,0.83,0,0,32.73
18-06-2017 15:30,0,0.115,0.815,0,0,29.33
18-06-2017 15:45,0,0.096,0.781,0,0,29.9
18-06-2017 16:00,0,0.088,0.769,0,0,25.5
18-06-2017 16:15,0,0.101,0.735,0,0,30.87
18-06-2017 16:30,0,0.084,0.7,0,0,29.73
18-06-2017 16:45,0,0.071,0.67,0,0,34.64
18-06-2017 17:00,0,0.038,0.623,0,0,22.25
18-06-2017 17:15,0,0.077,0.597,0,0,27.97
18-06-2017 17:30,0,0.042,0.547,0,0,34.69
18-06-2017 17:45,0,0.083,0.508,0,0,44.84
18-06-2017 18:00,0,0.16,0.45,0,0.015,25.6
18-06-2017 18:15,0,0.236,0.395,0,0.03,31.83
18-06-2017 18:30,0,0.185,0.35,0,0.016,38.73
18-06-2017 18:45,0,0.175,0.3,0,0,51.88
18-06-2017 19:00,0,0.222,0.246,0,0.01,33.35
18-06-2017 19:15,0,0.177,0.199,0,0,38
18-06-2017 19:30,0,0.15,0.15,0,0,42.11
18-06-2017 19:45,0,0.124,0.11,0,0.024,46.69
18-06-2017 20:00,0,0.211,0.075,0,0.136,45.48
18-06-2017 20:15,0,0.265,0.041,0,0.224,38.33
18-06-2017 20:30,0,0.314,0.029,0,0.285,35.65
18-06-2017 20:45,0,0.31,0.01,0,0.3,31.63
18-06-2017 21:00,0,0.286,0.01,0,0.276,43.95
18-06-2017 21:15,0,0.33,0,0,0.33,38.03
18-06-2017 21:30,0,0.314,0,0,0.314,31.92
18-06-2017 21:45,0,0.315,0,0,0.315,26.67
18-06-2017 22:00,0,0.335,0,0,0.335,46.23
18-06-2017 22:15,0,0.26,0,0,0.26,34.6
18-06-2017 22:30,0,0.29,0,0,0.29,31.55
18-06-2017 22:45,0,0.295,0,0,0.295,22.55
18-06-2017 23:00,0,0.245,0,0,0.245,41.17
18-06-2017 23:15,0,0.25,0,0,0.25,31.29
18-06-2017 23:30,0,0.245,0,0,0.245,25.3
18-06-2017 23:45,0,0.235,0,0,0.235,18.5
19-06-2017 00:00,0,0.245,0,0,0.245,36.65
19-06-2017 00:15,0,0.221,0,0,0.221,29.1
19-06-2017 00:30,0,0.209,0,0,0.209,24.56
19-06-2017 00:45,0,0.19,0,0,0.19,21.21
19-06-2017 01:00,0,0.191,0,0,0.191,27.72
19-06-2017 01:15,0,0.168,0,0,0.168,25.81
19-06-2017 01:30,0,0.162,0,0,0.162,25.04
19-06-2017 01:45,0,0.17,0,0,0.17,21.87
19-06-2017 02:00,0,0.179,0,0,0.179,26.48
19-06-2017 02:15,0,0.17,0,0,0.17,23.21
19-06-2017 02:30,0,0.16,0,0,0.16,23.52
19-06-2017 02:45,0,0.161,0,0,0.161,22.76
19-06-2017 03:00,0,0.245,0,0,0.245,23.77
19-06-2017 03:15,0,0.165,0,0,0.165,22.57
19-06-2017 03:30,0,0.044,0,0,0.044,23.23
19-06-2017 03:45,0,0.041,0,0,0.041,24.43
19-06-2017 04:00,0,0.039,0,0,0.039,17.77
19-06-2017 04:15,0,0.031,0,0,0.031,23.66
19-06-2017 04:30,0,0.039,0,0,0.039,24.24
19-06-2017 04:45,0,0.029,0,0,0.029,26.31
19-06-2017 05:00,0,0.051,0,0,0.051,18.27
19-06-2017 05:15,0,0.046,0,0,0.046,21.14
19-06-2017 05:30,0,0.044,0,0,0.044,27.02
19-06-2017 05:45,0,0.05,0.019,0,0.031,32.98
19-06-2017 06:00,0,0.046,0.017,0,0.029,20.65
19-06-2017 06:15,0,0.184,0.049,0,0.135,27.58
19-06-2017 06:30,0,0.409,0.084,0,0.325,33.9
19-06-2017 06:45,0,0.271,0.126,0,0.145,39.91
19-06-2017 07:00,0,0.236,0.161,0,0.075,34.25
19-06-2017 07:15,0,0.17,0.254,0,0,37.71
19-06-2017 07:30,0,0.138,0.299,0,0,37.13
19-06-2017 07:45,0,0.026,0.351,0,0,35.52
19-06-2017 08:00,0,0.02,0.394,0,0,49.27
19-06-2017 08:15,0,0.046,0.451,0,0,43.15
19-06-2017 08:30,0,0.045,0.49,0,0,34.44
19-06-2017 08:45,0,0.045,0.525,0,0,24.78
19-06-2017 09:00,0,0.065,0.57,0,0,49.07
19-06-2017 09:15,0,0.07,0.61,0,0,36.12
19-06-2017 09:30,0,0.029,0.644,0,0,29.97
19-06-2017 09:45,0,0.03,0.67,0,0,22.26
19-06-2017 10:00,0,0.035,0.711,0,0,43.98
19-06-2017 10:15,0,0.046,0.74,0,0,31.65
19-06-2017 10:30,0,0.032,0.752,0,0,30.77
19-06-2017 10:45,0,0.048,0.788,0,0,25.12
19-06-2017 11:00,0,0.03,0.8,0,0,35.23
19-06-2017 11:15,0,0.025,0.82,0,0,33.57
19-06-2017 11:30,0,0.03,0.83,0,0,32.47
19-06-2017 11:45,0,0.04,0.84,0,0,26.73
19-06-2017 12:00,0,0.05,0.845,0,0,38.83
19-06-2017 12:15,0,0.05,0.845,0,0,28.95
19-06-2017 12:30,0,0.034,0.864,0,0,29.96
19-06-2017 12:45,0,0.031,0.871,0,0,27.67
19-06-2017 13:00,0,0.029,0.879,0,0,36.61
19-06-2017 13:15,0,0.081,0.876,0,0,31.49
19-06-2017 13:30,0,0.105,0.855,0,0,28.16
19-06-2017 13:45,0,0.099,0.849,0,0,23.5
19-06-2017 14:00,0,0.04,0.84,0,0,27.86
19-06-2017 14:15,0,0.071,0.841,0,0,27.66
19-06-2017 14:30,0,0.07,0.83,0,0,26.58
19-06-2017 14:45,0,0.04,0.82,0,0,28
19-06-2017 15:00,0,0.22,0.8,0.174,0,25.71
19-06-2017 15:15,0,0.073,0.784,0.035,0,27.77
19-06-2017 15:30,0,0.067,0.761,0.005,0,26.65
19-06-2017 15:45,0,0.089,0.739,0.009,0,28.26
19-06-2017 16:00,0,0.061,0.711,0,0,20.77
19-06-2017 16:15,0,0.075,0.695,0,0,27.12
19-06-2017 16:30,0,0.075,0.669,0,0,28.02
19-06-2017 16:45,0,0.175,0.621,0,0,32.79
19-06-2017 17:00,0,0.115,0.59,0,0,15.73
19-06-2017 17:15,0,0.096,0.546,0,0,25.35
19-06-2017 17:30,0,0.153,0.509,0,0,32.26
19-06-2017 17:45,0,0.11,0.46,0,0,44.69
19-06-2017 18:00,0,0.08,0.42,0,0,19.78
19-06-2017 18:15,0,0.066,0.365,0,0,25.92
19-06-2017 18:30,0,0.044,0.32,0,0,36.32
19-06-2017 18:45,0,0.052,0.27,0,0,49.24
19-06-2017 19:00,0,0.359,0.22,0,0.205,28.48
19-06-2017 19:15,0,0.382,0.176,0,0.225,33.49
19-06-2017 19:30,0,0.097,0.119,0,0.01,37.35
19-06-2017 19:45,0,0.085,0.085,0,0,42.33
19-06-2017 20:00,0,0.115,0.06,0,0.055,41.31
19-06-2017 20:15,0,0.399,0.039,0,0.36,33.99
19-06-2017 20:30,0,0.251,0.026,0,0.225,33.97
19-06-2017 20:45,0,0.411,0.015,0,0.396,29.82
19-06-2017 21:00,0,0.394,0,0,0.394,36
19-06-2017 21:15,0,0.39,0,0,0.39,36.14
19-06-2017 21:30,0,0.221,0,0,0.221,32.44
19-06-2017 21:45,0,0.24,0,0,0.24,28.33
19-06-2017 22:00,0,0.25,0,0,0.25,45.96
19-06-2017 22:15,0,0.219,0,0,0.219,33.48
19-06-2017 22:30,0,0.22,0,0,0.22,31.07
19-06-2017 22:45,0,0.275,0,0,0.275,21.43
19-06-2017 23:00,0,0.126,0,0,0.126,41.44
19-06-2017 23:15,0,0.075,0,0,0.075,30.48
19-06-2017 23:30,0,0.063,0,0,0.063,27.02
19-06-2017 23:45,0,0.054,0,0,0.054,20.33
20-06-2017 00:00,0,0.053,0,0,0.053,39.42
20-06-2017 00:15,0,0.054,0,0,0.054,29.17
20-06-2017 00:30,0,0.065,0,0,0.065,24.01
20-06-2017 00:45,0,0.041,0,0,0.041,16.04
20-06-2017 01:00,0,0.044,0,0,0.044,32.25
20-06-2017 01:15,0,0.051,0,0,0.051,27.22
20-06-2017 01:30,0,0.044,0,0,0.044,21.86
20-06-2017 01:45,0,0.036,0,0,0.036,17.9
20-06-2017 02:00,0,0.039,0,0,0.039,28.13
20-06-2017 02:15,0,0.031,0,0,0.031,22.83
20-06-2017 02:30,0,0.029,0,0,0.029,24.02
20-06-2017 02:45,0,0.039,0,0,0.039,16.63
20-06-2017 03:00,0,0.041,0,0,0.041,24.39
20-06-2017 03:15,0,0.035,0,0,0.035,26.43
20-06-2017 03:30,0,0.036,0,0,0.036,18.63
20-06-2017 03:45,0,0.029,0,0,0.029,17.74
20-06-2017 04:00,0,0.025,0,0,0.025,18.76
20-06-2017 04:15,0,0.031,0,0,0.031,25.48
20-06-2017 04:30,0,0.044,0,0,0.044,18.66
20-06-2017 04:45,0,0.041,0,0,0.041,19.52
20-06-2017 05:00,0,0.039,0,0,0.039,19.02
20-06-2017 05:15,0,0.031,0,0,0.031,16.88
20-06-2017 05:30,0,0.039,0.01,0,0.029,23.97
20-06-2017 05:45,0,0.035,0.015,0,0.02,21.47
20-06-2017 06:00,0,0.043,0.024,0,0.019,18.98
20-06-2017 06:15,0,0.063,0.051,0,0.012,18
20-06-2017 06:30,0,0.056,0.075,0,0,24.79
20-06-2017 06:45,0,0.168,0.054,0,0.124,23.7
20-06-2017 07:00,0,0.141,0.081,0,0.075,24.87
20-06-2017 07:15,0,0.046,0.22,0,0,22.84
20-06-2017 07:30,0,0.082,0.269,0,0,24.16
20-06-2017 07:45,0,0.087,0.311,0,0,19.75
20-06-2017 08:00,0,0.054,0.345,0,0,28.68
20-06-2017 08:15,0,0.046,0.4,0,0,27.06
20-06-2017 08:30,0,0.17,0.45,0,0,22.65
20-06-2017 08:45,0,0.03,0.52,0,0,11.8
20-06-2017 09:00,0,0.02,0.41,0,0,32.88
20-06-2017 09:15,0,0.19,0.525,0,0,25.9
20-06-2017 09:30,0,0.369,0.565,0,0.025,18.07
20-06-2017 09:45,0,0.285,0.575,0,0.014,9.7
20-06-2017 10:00,0.278,0.242,0.575,0,0.032,30.21
20-06-2017 10:15,0.242,0.205,0.685,0,0,22.51
20-06-2017 10:30,0.221,0.11,0.715,0,0,15.62
20-06-2017 10:45,0.126,0.03,0.74,0,0,7.85
20-06-2017 11:00,0.428,0.04,0.77,0,0,21.38
20-06-2017 11:15,0,0.05,0.78,0,0,20.99
20-06-2017 11:30,0,0.062,0.802,0,0,20.25
20-06-2017 11:45,0,0.036,0.786,0,0,11.42
20-06-2017 12:00,0,0.051,0.831,0,0,24
20-06-2017 12:15,0,0.06,0.841,0,0,19.25
20-06-2017 12:30,0,0.066,0.845,0,0,15.58
20-06-2017 12:45,0,0.075,0.855,0,0,4.79
20-06-2017 13:00,0,0.22,0.855,0,0,23.68
20-06-2017 13:15,0,0.304,0.859,0,0,16
20-06-2017 13:30,0,0.316,0.866,0,0,12.52
20-06-2017 13:45,0,0.055,0.865,0,0,4.21
20-06-2017 14:00,0,0.045,0.86,0,0,8.35
20-06-2017 14:15,0,0.045,0.84,0,0,13.1
20-06-2017 14:30,0,0.054,0.835,0,0,11.68
20-06-2017 14:45,0,0.051,0.805,0,0,17.1
20-06-2017 15:00,0,0.035,0.835,0,0,1.67
20-06-2017 15:15,0,0.075,0.835,0,0,11.53
20-06-2017 15:30,0,0.165,0.666,0,0.014,16.21
20-06-2017 15:45,0.078,0.134,0.279,0,0.034,21.22
20-06-2017 16:00,0.378,0.04,0.131,0,0,-0.43
20-06-2017 16:15,0.13,0.045,0.119,0,0,13.96
20-06-2017 16:30,0.234,0.053,0.085,0,0,18.18
20-06-2017 16:45,0.389,0.065,0.099,0,0,29.9
20-06-2017 17:00,0.02,0.076,0.476,0,0,-2.45
20-06-2017 17:15,0,0.08,0.279,0,0,15.85
20-06-2017 17:30,0,0.079,0.25,0,0,24.47
20-06-2017 17:45,0,0.076,0.531,0,0,39.77
20-06-2017 18:00,0,0.065,0.4,0,0,6.14
20-06-2017 18:15,0,0.066,0.35,0,0,19.43
20-06-2017 18:30,0,0.091,0.161,0,0.032,28.46
20-06-2017 18:45,0,0.254,0.114,0,0.16,41.94
20-06-2017 19:00,0,0.137,0.146,0,0.039,17.97
20-06-2017 19:15,0,0.097,0.119,0,0.01,26.52
20-06-2017 19:30,0,0.096,0.065,0,0.031,32.42
20-06-2017 19:45,0,0.125,0.056,0,0.069,39.89
20-06-2017 20:00,0,0.173,0.053,0,0.12,32.23
20-06-2017 20:15,0,0.216,0.051,0,0.165,29.72
20-06-2017 20:30,0,0.14,0.025,0,0.115,32.9
20-06-2017 20:45,0,0.27,0.03,0,0.24,33.24
20-06-2017 21:00,0,0.345,0.035,0,0.31,32
20-06-2017 21:15,0,0.29,0.01,0,0.28,28.62
20-06-2017 21:30,0,0.435,0,0,0.435,29.39
20-06-2017 21:45,0,0.315,0,0,0.315,33.63
20-06-2017 22:00,0,0.49,0,0,0.49,41.19
20-06-2017 22:15,0,0.5,0,0,0.5,28.88
20-06-2017 22:30,0,0.34,0,0,0.34,30.81
20-06-2017 22:45,0,0.26,0,0,0.26,23.73
20-06-2017 23:00,0,0.281,0,0,0.281,40.7
20-06-2017 23:15,0,0.229,0,0,0.229,30.19
20-06-2017 23:30,0,0.196,0,0,0.196,29.31
20-06-2017 23:45,0,0.214,0,0,0.214,17.1
21-06-2017 00:00,0,0.22,0,0,0.22,37.53
21-06-2017 00:15,0,0.205,0,0,0.205,26.27
21-06-2017 00:30,0,0.21,0,0,0.21,23.31
21-06-2017 00:45,0,0.124,0,0,0.124,13.77
21-06-2017 01:00,0,0.032,0,0,0.032,27.8
21-06-2017 01:15,0,0.029,0,0,0.029,26.92
21-06-2017 01:30,0,0.041,0,0,0.041,19.18
21-06-2017 01:45,0,0.039,0,0,0.039,18.11
21-06-2017 02:00,0,0.041,0,0,0.041,25.88
21-06-2017 02:15,0,0.039,0,0,0.039,20.65
21-06-2017 02:30,0,0.029,0,0,0.029,18.78
21-06-2017 02:45,0,0.032,0,0,0.032,15.84
21-06-2017 03:00,0,0.019,0,0,0.019,24.82
21-06-2017 03:15,0,0.035,0,0,0.035,17.84
21-06-2017 03:30,0,0.035,0,0,0.035,15.04
21-06-2017 03:45,0,0.039,0,0,0.039,14.24
21-06-2017 04:00,0,0.041,0,0,0.041,21.95
21-06-2017 04:15,0,0.03,0,0,0.03,18.14
21-06-2017 04:30,0,0.031,0,0,0.031,14.96
21-06-2017 04:45,0,0.02,0,0,0.02,12.92
21-06-2017 05:00,0,0.034,0,0,0.034,20.65
21-06-2017 05:15,0,0.046,0.01,0,0.036,16.69
21-06-2017 05:30,0,0.043,0.009,0,0.034,12.99
21-06-2017 05:45,0,0.046,0.022,0,0.024,12.62
21-06-2017 06:00,0,0.041,0.029,0,0.012,20.65
21-06-2017 06:15,0,0.03,0.049,0,0,14.14
21-06-2017 06:30,0,0.041,0.08,0,0,13.4
21-06-2017 06:45,0,0.051,0.107,0,0,15.85
21-06-2017 07:00,0,0.198,0.149,0,0.119,18.22
21-06-2017 07:15,0,0.094,0.225,0,0.02,13.05
21-06-2017 07:30,0,0.086,0.28,0,0.019,17.57
21-06-2017 07:45,0,0.091,0.309,0,0.032,15.15
21-06-2017 08:00,0,0.067,0.34,0,0.009,11.87
21-06-2017 08:15,0,0.142,0.386,0,0.025,12.47
21-06-2017 08:30,0,0.045,0.475,0,0.005,14.83
21-06-2017 08:45,0,0.04,0.45,0,0,9.23
21-06-2017 09:00,0,0.055,0.465,0,0,19.9
21-06-2017 09:15,0,0.039,0.52,0,0,10.57
21-06-2017 09:30,0,0.041,0.555,0,0,12.99
21-06-2017 09:45,0,0.02,0.6,0,0,5.23
21-06-2017 10:00,0,0.03,0.63,0,0,20.19
21-06-2017 10:15,0,0.04,0.67,0,0,9.28
21-06-2017 10:30,0,0.044,0.68,0,0,14.78
21-06-2017 10:45,0,0.046,0.7,0,0,5.68
21-06-2017 11:00,0,0.05,0.72,0,0,10.92
21-06-2017 11:15,0,0.065,0.75,0,0,13.02
21-06-2017 11:30,0,0.015,0.75,0,0,18.07
21-06-2017 11:45,0,0.045,0.76,0,0,8.76
21-06-2017 12:00,0,0.06,0.78,0,0,25.5
21-06-2017 12:15,0,0.065,0.795,0,0,14.47
21-06-2017 12:30,0,0.095,0.79,0,0,13.46
21-06-2017 12:45,0,0.1,0.77,0,0,-5.35
21-06-2017 13:00,0,0.354,0.81,0,0.009,18.87
21-06-2017 13:15,0,0.274,0.814,0,0,7.65
21-06-2017 13:30,0,0.066,0.816,0,0,2.66
21-06-2017 13:45,0,0.07,0.82,0,0,-3.65
21-06-2017 14:00,0,0.07,0.82,0,0,6.6
21-06-2017 14:15,0,0.08,0.81,0,0,4.13
21-06-2017 14:30,0,0.065,0.825,0,0,2.22
21-06-2017 14:45,0,0.085,0.835,0,0,6.48
21-06-2017 15:00,0,0.14,0.88,0,0,-0.77
21-06-2017 15:15,0,0.257,0.845,0,0.022,-0.14
21-06-2017 15:30,0,0.131,0.765,0,0,4.77
21-06-2017 15:45,0,0.103,0.182,0,0.019,13.53
21-06-2017 16:00,0,0.114,0.093,0,0.04,-0.96
21-06-2017 16:15,0,0.077,0.041,0,0.041,12.02
21-06-2017 16:30,0,0.133,0.029,0,0.104,16.31
21-06-2017 16:45,0,0.099,0.029,0,0.07,24.36
21-06-2017 17:00,0,0.152,0.381,0,0.035,-1.85
21-06-2017 17:15,0,0.145,0.61,0,0,18.21
21-06-2017 17:30,0,0.165,0.58,0,0,23.18
21-06-2017 17:45,0,0.229,0.505,0,0.009,38.16
21-06-2017 18:00,0,0.167,0.405,0,0.032,7.7
21-06-2017 18:15,0,0.09,0.34,0,0,21.26
21-06-2017 18:30,0,0.045,0.28,0,0,33.95
21-06-2017 18:45,0,0.124,0.255,0,0.029,39.63
21-06-2017 19:00,0,0.059,0.2,0,0,21.47
21-06-2017 19:15,0,0.186,0.16,0,0.07,28.27
21-06-2017 19:30,0,0.1,0.129,0,0,32.8
21-06-2017 19:45,0,0.139,0.11,0,0.029,37.45
21-06-2017 20:00,0,0.147,0.086,0,0.061,32.31
21-06-2017 20:15,0,0.15,0.065,0,0.085,31.84
21-06-2017 20:30,0,0.145,0.035,0,0.11,31.99
21-06-2017 20:45,0,0.15,0.02,0,0.13,32.76
21-06-2017 21:00,0,0.224,0.009,0,0.215,35.43
21-06-2017 21:15,0,0.22,0,0,0.22,29.51
21-06-2017 21:30,0,0.24,0,0,0.24,30.59
21-06-2017 21:45,0,0.27,0,0,0.27,35.21
21-06-2017 22:00,0,0.315,0,0,0.315,40.58
21-06-2017 22:15,0,0.275,0,0,0.275,31.26
21-06-2017 22:30,0,0.29,0,0,0.29,37.04
21-06-2017 22:45,0,0.246,0,0,0.246,27.4
21-06-2017 23:00,0,0.62,0,0.416,0.62,42.46
21-06-2017 23:15,0,0.429,0,0.231,0.429,32.71
21-06-2017 23:30,0,0.191,0,0.026,0.191,34.07
21-06-2017 23:45,0,0.16,0,0.027,0.16,17.8
22-06-2017 00:00,0,0.139,0,0.027,0.139,43.11
22-06-2017 00:15,0,0.16,0,0.026,0.16,29.06
22-06-2017 00:30,0,0.15,0,0.026,0.15,21.83
22-06-2017 00:45,0,0.151,0,0.018,0.151,16.97
22-06-2017 01:00,0,0.109,0,0.018,0.109,30.41
22-06-2017 01:15,0,0.095,0,0.032,0.095,24.91
22-06-2017 01:30,0,0.07,0,0.024,0.07,22.82
22-06-2017 01:45,0,0.07,0,0.035,0.07,20.2
22-06-2017 02:00,0,0.039,0,0,0.039,26.67
22-06-2017 02:15,0,0.036,0,0,0.036,23.47
22-06-2017 02:30,0,0.044,0,0,0.044,22.48
22-06-2017 02:45,0,0.037,0,0,0.037,20.24
22-06-2017 03:00,0,0.034,0,0,0.034,24.8
22-06-2017 03:15,0,0.041,0,0,0.041,20.32
22-06-2017 03:30,0,0.029,0,0,0.029,21.21
22-06-2017 03:45,0,0.02,0,0,0.02,20.43
22-06-2017 04:00,0,0.031,0,0,0.031,20.15
22-06-2017 04:15,0,0.029,0,0,0.029,24.03
22-06-2017 04:30,0,0.041,0,0,0.041,20.08
22-06-2017 04:45,0,0.039,0,0,0.039,21.34
22-06-2017 05:00,0,0.041,0,0,0.041,13.08
22-06-2017 05:15,0,0.034,0,0,0.034,19.62
22-06-2017 05:30,0,0.035,0,0,0.035,25.04
22-06-2017 05:45,0,0.043,0.022,0,0.021,33.24
22-06-2017 06:00,0,0.029,0.019,0,0.01,14.48
22-06-2017 06:15,0,0.037,0.049,0,0,25.36
22-06-2017 06:30,0,0.051,0.075,0,0.01,36.36
22-06-2017 06:45,0,0.391,0.112,0.22,0.294,49.01
22-06-2017 07:00,0,0.483,0.148,0.404,0.335,25.82
22-06-2017 07:15,0,0.371,0.226,0.313,0.145,36.45
22-06-2017 07:30,0,0.35,0.28,0.3,0.07,43.61
22-06-2017 07:45,0,0.339,0.319,0.261,0.066,42.12
22-06-2017 08:00,0,0.277,0.362,0.233,0.009,41.2
22-06-2017 08:15,0,0.25,0.399,0.121,0.061,39.99
22-06-2017 08:30,0,0.045,0.445,0.009,0,39.5
22-06-2017 08:45,0,0.055,0.49,0.004,0,26.51
22-06-2017 09:00,0,0.06,0.535,0.004,0,44.32
22-06-2017 09:15,0,0.11,0.57,0.004,0,31.83
22-06-2017 09:30,0,0.06,0.6,0.003,0,33.55
22-06-2017 09:45,0,0.06,0.63,0.004,0,24.29
22-06-2017 10:00,0,0.07,0.665,0.014,0,38.84
22-06-2017 10:15,0,0.055,0.69,0,0,28.02
22-06-2017 10:30,0,0.046,0.712,0,0,29.27
22-06-2017 10:45,0,0.099,0.748,0,0,23.35
22-06-2017 11:00,0,0.08,0.75,0,0,30.51
22-06-2017 11:15,0,0.099,0.774,0,0,28.48
22-06-2017 11:30,0,0.101,0.786,0,0,29.76
22-06-2017 11:45,0,0.095,0.785,0,0,24.85
22-06-2017 12:00,0,0.095,0.805,0,0,32.74
22-06-2017 12:15,0,0.06,0.81,0,0,26.44
22-06-2017 12:30,0,0.183,0.815,0,0,24.89
22-06-2017 12:45,0,0.537,0.815,0,0.02,22.15
22-06-2017 13:00,0,0.519,0.825,0,0.029,35.21
22-06-2017 13:15,0,0.176,0.846,0,0,25.74
22-06-2017 13:30,0,0.123,0.819,0,0,24.35
22-06-2017 13:45,0,0.037,0.816,0,0,14.7
22-06-2017 14:00,0,0.039,0.819,0,0,22.34
22-06-2017 14:15,0,0.045,0.805,0,0,23.65
22-06-2017 14:30,0,0.05,0.8,0,0,22.42
22-06-2017 14:45,0,0.059,0.789,0,0,24.79
22-06-2017 15:00,0,0.031,0.761,0,0,20.4
22-06-2017 15:15,0,0.039,0.739,0,0,24.22
22-06-2017 15:30,0,0.041,0.736,0,0,23.73
22-06-2017 15:45,0,0.039,0.66,0,0,26.35
22-06-2017 16:00,0,0.041,0.65,0,0,15.8
22-06-2017 16:15,0,0.045,0.58,0,0,26.09
22-06-2017 16:30,0,0.045,0.62,0,0,25.71
22-06-2017 16:45,0,0.149,0.475,0.112,0.019,33.22
22-06-2017 17:00,0,0.085,0.441,0.019,0,11.36
22-06-2017 17:15,0,0.074,0.404,0,0,25.73
22-06-2017 17:30,0,0.08,0.389,0,0,30.65
22-06-2017 17:45,0,0.085,0.356,0,0,45.06
22-06-2017 18:00,0,0.059,0.394,0,0,19.5
22-06-2017 18:15,0,0.149,0.287,0,0.041,27.75
22-06-2017 18:30,0,0.044,0.244,0,0,36.92
22-06-2017 18:45,0,0.049,0.24,0,0,53.79
22-06-2017 19:00,0,0.081,0.19,0,0,32.06
22-06-2017 19:15,0,0.085,0.209,0,0,35.94
22-06-2017 19:30,0,0.079,0.175,0,0,41.06
22-06-2017 19:45,0,0.101,0.116,0,0.01,46.97
22-06-2017 20:00,0,0.09,0.039,0,0.051,51.75
22-06-2017 20:15,0,0.14,0.026,0,0.114,43.04
22-06-2017 20:30,0,0.18,0.02,0,0.16,39.33
22-06-2017 20:45,0,0.176,0.015,0,0.161,36.08
22-06-2017 21:00,0,0.143,0.01,0,0.133,48.95
22-06-2017 21:15,0,0.097,0,0,0.097,42.29
22-06-2017 21:30,0,0.1,0,0,0.1,37.69
22-06-2017 21:45,0,0.224,0,0,0.224,32.02
22-06-2017 22:00,0,0.225,0,0,0.225,55.75
22-06-2017 22:15,0,0.221,0,0,0.221,36.59
22-06-2017 22:30,0,0.264,0,0,0.264,37.88
22-06-2017 22:45,0,0.275,0,0,0.275,25.9
22-06-2017 23:00,0,0.235,0,0,0.235,46.15
22-06-2017 23:15,0,0.226,0,0,0.226,39.26
22-06-2017 23:30,0,0.254,0,0,0.254,31.01
22-06-2017 23:45,0,0.241,0,0,0.241,21.45
23-06-2017 00:00,0,0.279,0,0,0.279,37.36
23-06-2017 00:15,0,0.24,0,0,0.24,26.34
23-06-2017 00:30,0,0.295,0,0,0.295,24.7
23-06-2017 00:45,0,0.28,0,0,0.28,26.84
23-06-2017 01:00,0,0.226,0,0,0.226,25.28
23-06-2017 01:15,0,0.185,0,0,0.185,29.02
23-06-2017 01:30,0,0.189,0,0,0.189,26.41
23-06-2017 01:45,0,0.185,0,0,0.185,26.38
23-06-2017 02:00,0,0.165,0,0,0.165,25.53
23-06-2017 02:15,0,0.15,0,0,0.15,25.59
23-06-2017 02:30,0,0.15,0,0,0.15,25.96
23-06-2017 02:45,0,0.151,0,0,0.151,22.29
23-06-2017 03:00,0,0.149,0,0,0.149,26.74
23-06-2017 03:15,0,0.15,0,0,0.15,25.02
23-06-2017 03:30,0,0.15,0,0,0.15,23.96
23-06-2017 03:45,0,0.15,0,0,0.15,24.3
23-06-2017 04:00,0,0.161,0,0,0.161,19
23-06-2017 04:15,0,0.15,0,0,0.15,27.85
23-06-2017 04:30,0,0.149,0,0,0.149,23.8
23-06-2017 04:45,0,0.15,0,0,0.15,28.38
23-06-2017 05:00,0,0.131,0,0,0.131,18.28
23-06-2017 05:15,0,0.129,0,0,0.129,22.79
23-06-2017 05:30,0,0.121,0,0,0.121,28.78
23-06-2017 05:45,0,0.043,0.019,0,0.024,33.91
23-06-2017 06:00,0,0.037,0.027,0,0.01,25.9
23-06-2017 06:15,0,0.044,0.044,0,0,32.37
23-06-2017 06:30,0,0.046,0.085,0,0,36.04
23-06-2017 06:45,0,0.035,0.101,0,0,38.68
23-06-2017 07:00,0,0.164,0.144,0,0.09,46.12
23-06-2017 07:15,0,0.075,0.216,0,0,40.42
23-06-2017 07:30,0,0.084,0.254,0,0,36.79
23-06-2017 07:45,0,0.055,0.299,0,0,30.9
23-06-2017 08:00,0,0.071,0.321,0,0,62.41
23-06-2017 08:15,0,0.06,0.285,0,0,45.91
23-06-2017 08:30,0,0.063,0.384,0,0.009,36.33
23-06-2017 08:45,0,0.051,0.466,0,0,21.51
23-06-2017 09:00,0,0.044,0.209,0,0,54.19
23-06-2017 09:15,0,0.041,0.356,0,0,39.39
23-06-2017 09:30,0,0.035,0.625,0,0,31
23-06-2017 09:45,0,0.035,0.66,0,0,22.02
23-06-2017 10:00,0,0.026,0.345,0,0,46.36
23-06-2017 10:15,0,0.024,0.45,0,0,31.68
23-06-2017 10:30,0,0.039,0.605,0,0,28.95
23-06-2017 10:45,0,0.121,0.77,0,0,23.21
23-06-2017 11:00,0,0.05,0.8,0,0,35.66
23-06-2017 11:15,0,0.055,0.79,0,0,32.24
23-06-2017 11:30,0,0.045,0.705,0,0,27.6
23-06-2017 11:45,0,0.038,0.753,0,0,25.06
23-06-2017 12:00,0,0.137,0.782,0,0,33.47
23-06-2017 12:15,0,0.085,0.785,0,0,24.4
23-06-2017 12:30,0,0.07,0.7,0,0,28.22
23-06-2017 12:45,0,0.089,0.829,0,0,25.46
23-06-2017 13:00,0,0.24,0.761,0,0.012,35.2
23-06-2017 13:15,0,0.448,0.83,0,0.01,30.19
23-06-2017 13:30,0,0.255,0.865,0,0.01,26.23
23-06-2017 13:45,0,0.1,0.8,0,0,21.53
23-06-2017 14:00,0,0.225,0.84,0,0,25.26
23-06-2017 14:15,0,0.084,0.734,0,0,27.74
23-06-2017 14:30,0,0.066,0.806,0,0,27.2
23-06-2017 14:45,0,0.06,0.73,0,0,28.09
23-06-2017 15:00,0,0.046,0.586,0,0,22.37
23-06-2017 15:15,0,0.039,0.759,0,0,27.55
23-06-2017 15:30,0,0.04,0.565,0,0,26.23
23-06-2017 15:45,0,0.059,0.6,0,0.009,31.94
23-06-2017 16:00,0,0.035,0.45,0,0,15.84
23-06-2017 16:15,0,0.05,0.51,0,0,26.19
23-06-2017 16:30,0,0.045,0.335,0,0,29.42
23-06-2017 16:45,0,0.046,0.485,0,0,40.24
23-06-2017 17:00,0,0.038,0.58,0,0,12.19
23-06-2017 17:15,0,0.036,0.555,0,0,29.12
23-06-2017 17:30,0,0.049,0.52,0,0,35.02
23-06-2017 17:45,0,0.051,0.485,0,0,59.48
23-06-2017 18:00,0,0.045,0.43,0,0,18.66
23-06-2017 18:15,0,0.04,0.37,0,0,31.66
23-06-2017 18:30,0,0.035,0.325,0,0,41
23-06-2017 18:45,0,0.039,0.284,0,0,65.71
23-06-2017 19:00,0,0.036,0.131,0,0,31
23-06-2017 19:15,0,0.055,0.14,0,0,38.65
23-06-2017 19:30,0,0.06,0.14,0,0,49.66
23-06-2017 19:45,0,0.055,0.13,0,0,58.01
23-06-2017 20:00,0,0.078,0.108,0,0,48.17
23-06-2017 20:15,0,0.077,0.077,0,0,43.15
23-06-2017 20:30,0,0.066,0.07,0,0.005,41.04
23-06-2017 20:45,0,0.1,0.044,0,0.056,37.23
23-06-2017 21:00,0,0.061,0.027,0,0.034,48
23-06-2017 21:15,0,0.056,0,0,0.056,43.48
23-06-2017 21:30,0,0.064,0,0,0.064,37.48
23-06-2017 21:45,0,0.15,0,0,0.15,32
23-06-2017 22:00,0,0.15,0,0,0.15,51.99
23-06-2017 22:15,0,0.17,0,0,0.17,36.2
23-06-2017 22:30,0,0.211,0,0,0.211,33.99
23-06-2017 22:45,0,0.129,0,0,0.129,27.28
23-06-2017 23:00,0,0.131,0,0,0.131,44.82
23-06-2017 23:15,0,0.109,0,0,0.109,33.85
23-06-2017 23:30,0,0.109,0,0,0.109,32.42
23-06-2017 23:45,0,0.1,0,0,0.1,24.9
24-06-2017 00:00,0,0.092,0,0,0.092,40.09
24-06-2017 00:15,0,0.109,0,0,0.109,31.87
24-06-2017 00:30,0,0.131,0,0,0.131,29.07
24-06-2017 00:45,0,0.129,0,0,0.129,27.01
24-06-2017 01:00,0,0.116,0,0,0.116,30
24-06-2017 01:15,0,0.039,0,0,0.039,30.45
24-06-2017 01:30,0,0.039,0,0,0.039,29.81
24-06-2017 01:45,0,0.041,0,0,0.041,27.76
24-06-2017 02:00,0,0.051,0,0,0.051,28.32
24-06-2017 02:15,0,0.059,0,0,0.059,27.35
24-06-2017 02:30,0,0.055,0,0,0.055,28.24
24-06-2017 02:45,0,0.044,0,0,0.044,28.53
24-06-2017 03:00,0,0.051,0,0,0.051,25.19
24-06-2017 03:15,0,0.035,0,0,0.035,26.69
24-06-2017 03:30,0,0.035,0,0,0.035,27.65
24-06-2017 03:45,0,0.039,0,0,0.039,27.21
24-06-2017 04:00,0,0.051,0,0,0.051,21.64
24-06-2017 04:15,0,0.051,0,0,0.051,26.15
24-06-2017 04:30,0,0.054,0,0,0.054,28.66
24-06-2017 04:45,0,0.051,0,0,0.051,29.96
24-06-2017 05:00,0,0.043,0,0,0.043,24.57
24-06-2017 05:15,0,0.037,0,0,0.037,25.72
24-06-2017 05:30,0,0.034,0,0,0.034,30.56
24-06-2017 05:45,0,0.028,0.009,0,0.019,34.09
24-06-2017 06:00,0,0.047,0.035,0,0.012,25.86
24-06-2017 06:15,0,0.033,0.045,0,0,33.04
24-06-2017 06:30,0,0.04,0.04,0,0,39.32
24-06-2017 06:45,0,0.041,0.041,0,0,40.98
24-06-2017 07:00,0,0.029,0.029,0,0,49.36
24-06-2017 07:15,0,0.034,0.029,0,0.01,49.54
24-06-2017 07:30,0,0.031,0.036,0,0,41.14
24-06-2017 07:45,0,0.029,0.039,0,0,34.09
24-06-2017 08:00,0,0.05,0.036,0,0.014,67.57
24-06-2017 08:15,0,0.065,0.03,0,0.035,54.81
24-06-2017 08:30,0,0.226,0.035,0,0.191,31.7
24-06-2017 08:45,0,0.219,0.025,0,0.194,21.92
24-06-2017 09:00,0,0.08,0.03,0,0.05,60.45
24-06-2017 09:15,0,0.359,0.009,0.134,0.35,42.5
24-06-2017 09:30,0,0.818,0.022,0.492,0.796,32.3
24-06-2017 09:45,0,0.408,0.039,0.074,0.369,16.77
24-06-2017 10:00,0,0.28,0.034,0.027,0.246,50.18
24-06-2017 10:15,0,0.505,0.08,0.027,0.425,35.5
24-06-2017 10:30,0,0.151,0.151,0.027,0.019,30.91
24-06-2017 10:45,0,0.128,0.322,0.027,0,24.3
24-06-2017 11:00,0,0.122,0.388,0.026,0,38.35
24-06-2017 11:15,0,0.13,0.43,0.023,0,35.93
24-06-2017 11:30,0,0.3,0.44,0.022,0.02,33.59
24-06-2017 11:45,0,0.284,0.42,0.05,0.01,28.13
24-06-2017 12:00,0,0.575,0.71,0.442,0.009,39.95
24-06-2017 12:15,0,0.429,0.535,0.334,0,33.3
24-06-2017 12:30,0,0.408,0.535,0.31,0.012,30.17
24-06-2017 12:45,0,0.381,0.806,0.268,0,28.59
24-06-2017 13:00,0,0.389,0.899,0.263,0,36.9
24-06-2017 13:15,0,0.346,0.82,0.23,0,34.97
24-06-2017 13:30,0,0.269,0.56,0.132,0.02,30.03
24-06-2017 13:45,0,0.134,0.89,0.012,0,26.24
24-06-2017 14:00,0,0.502,0.79,0.003,0.065,27.62
24-06-2017 14:15,0,0.272,0.61,0.004,0.024,31.58
24-06-2017 14:30,0,0.135,0.55,0.004,0,31.98
24-06-2017 14:45,0,0.106,0.73,0.004,0,35.13
24-06-2017 15:00,0,0.091,0.741,0.004,0,25.3
24-06-2017 15:15,0,0.109,0.869,0.003,0,30.03
24-06-2017 15:30,0,0.096,0.661,0.004,0,32.48
24-06-2017 15:45,0,0.059,0.349,0.003,0,36.72
24-06-2017 16:00,0,0.05,0.385,0,0,20.32
24-06-2017 16:15,0,0.06,0.75,0,0,30.14
24-06-2017 16:30,0,0.055,0.45,0,0,34.5
24-06-2017 16:45,0,0.151,0.52,0,0.061,40.79
24-06-2017 17:00,0,0.055,0.495,0,0,15.81
24-06-2017 17:15,0,0.055,0.434,0,0,32.1
24-06-2017 17:30,0,0.05,0.346,0,0,36.56
24-06-2017 17:45,0,0.044,0.355,0,0,56.53
24-06-2017 18:00,0,0.031,0.43,0,0,20.19
24-06-2017 18:15,0,0.039,0.385,0,0,34.15
24-06-2017 18:30,0,0.046,0.34,0,0,41
24-06-2017 18:45,0,0.04,0.28,0,0,61.07
24-06-2017 19:00,0,0.059,0.24,0,0,29.88
24-06-2017 19:15,0,0.055,0.185,0,0,38.59
24-06-2017 19:30,0,0.055,0.13,0,0,47.78
24-06-2017 19:45,0,0.047,0.096,0,0,56.24
24-06-2017 20:00,0.3,0.055,0.064,0,0,50.65
24-06-2017 20:15,0.142,0.059,0.04,0,0.019,44.02
24-06-2017 20:30,0.242,0.059,0.024,0,0.035,40.21
24-06-2017 20:45,0.319,0.056,0.02,0,0.036,35.62
24-06-2017 21:00,0.2,0.051,0.012,0,0.039,49.06
24-06-2017 21:15,0,0.041,0,0,0.041,43.79
24-06-2017 21:30,0,0.054,0,0,0.054,36.47
24-06-2017 21:45,0,0.14,0,0,0.14,30.7
24-06-2017 22:00,0,0.16,0,0,0.16,52.97
24-06-2017 22:15,0,0.17,0,0,0.17,36.23
24-06-2017 22:30,0,0.175,0,0,0.175,33.25
24-06-2017 22:45,0,0.165,0,0,0.165,24.77
24-06-2017 23:00,0,0.17,0,0,0.17,44.5
24-06-2017 23:15,0,0.17,0,0,0.17,34
24-06-2017 23:30,0,0.15,0,0,0.15,30.6
24-06-2017 23:45,0,0.141,0,0,0.141,22.73
